rally,ball_round,time,frame_num,end_frame_num,roundscore_A,roundscore_B,player,server,type,aroundhead,backhand,hit_height,hit_area,hit_x,hit_y,landing_height,landing_area,landing_x,landing_y,lose_reason,win_reason,getpoint_player,flaw,player_location_area,player_location_x,player_location_y,opponent_location_area,opponent_location_x,opponent_location_y,db
1,1,00:44:54,80843,80862.0,1,0,B,1,發短球,,1.0,2.0,,,,2.0,7.0,671.0,495.0,,,,,8.0,619.0,357.0,8.0,695.0,545.0,0
1,2,00:44:55,80862,80876.0,1,0,A,2,推球,,,2.0,7.0,671.0,495.0,1.0,6.0,758.0,344.0,,,,,7.0,669.0,497.0,8.0,641.0,345.0,0
1,3,00:44:55,80876,80888.0,1,0,B,2,平球,,1.0,1.0,6.0,758.0,344.0,1.0,5.0,832.0,526.0,,,,,8.0,662.0,346.0,7.0,658.0,506.0,0
1,4,00:44:56,80888,80918.0,1,0,A,2,勾球,,,1.0,5.0,832.0,526.0,2.0,5.0,455.0,357.0,,,,,8.0,692.0,534.0,8.0,702.0,332.0,0
1,5,00:44:57,80918,80941.0,1,0,B,2,擋小球,,,2.0,5.0,455.0,357.0,1.0,2.0,454.0,471.0,,,,,8.0,570.0,366.0,8.0,628.0,547.0,0
1,6,00:44:58,80941,80964.0,1,0,A,2,勾球,,1.0,1.0,2.0,454.0,471.0,2.0,6.0,788.0,382.0,,,,,2.0,487.0,493.0,8.0,568.0,349.0,0
1,7,00:44:58,80964,80991.0,1,0,B,2,挑球,,1.0,2.0,6.0,788.0,382.0,1.0,8.0,784.0,564.0,,,,,8.0,689.0,367.0,8.0,533.0,513.0,0
1,8,00:44:59,80991,81006.0,1,0,A,2,殺球,,,1.0,8.0,784.0,564.0,2.0,6.0,794.0,346.0,,,,,8.0,702.0,583.0,8.0,698.0,352.0,0
1,9,00:45:00,81006,81036.0,1,0,B,2,擋小球,,1.0,2.0,6.0,794.0,346.0,2.0,7.0,775.0,490.0,,,,,8.0,685.0,340.0,3.0,811.0,618.0,0
1,10,00:45:01,81036,81071.0,1,0,A,2,挑球,,,2.0,7.0,775.0,490.0,1.0,3.0,487.0,314.0,,,,,8.0,725.0,539.0,8.0,690.0,331.0,0
1,11,00:45:02,81071,81085.0,1,0,B,2,點扣,,,1.0,3.0,487.0,314.0,2.0,6.0,411.0,552.0,,,,,9.0,563.0,322.0,8.0,587.0,549.0,0
1,12,00:45:02,81085,81111.0,1,0,A,2,擋小球,,1.0,2.0,6.0,411.0,552.0,2.0,5.0,478.0,387.0,,,,,8.0,587.0,552.0,9.0,557.0,320.0,0
1,13,00:45:03,81111,81156.0,1,0,B,3,推球,,,2.0,5.0,478.0,387.0,2.0,13.0,786.0,673.0,出界,對手出界,A,,8.0,541.0,380.0,8.0,561.0,541.0,0
2,1,00:45:22,81683,81706.0,2,0,A,1,發短球,,1.0,2.0,,,,2.0,8.0,705.0,385.0,,,,,8.0,630.0,514.0,8.0,734.0,343.0,0
2,2,00:45:23,81706,81728.0,2,0,B,2,放小球,,1.0,2.0,8.0,705.0,385.0,2.0,2.0,460.0,475.0,,,,,8.0,706.0,365.0,8.0,635.0,527.0,0
2,3,00:45:24,81728,81763.0,2,0,A,2,挑球,,1.0,2.0,2.0,460.0,475.0,1.0,3.0,487.0,310.0,,,,,7.0,576.0,505.0,8.0,633.0,348.0,0
2,4,00:45:25,81763,81783.0,2,0,B,2,切球,,,1.0,3.0,487.0,310.0,2.0,7.0,737.0,493.0,,,,,9.0,551.0,323.0,8.0,599.0,535.0,0
2,5,00:45:26,81783,81806.0,2,0,A,2,放小球,,,2.0,7.0,737.0,493.0,2.0,7.0,607.0,403.0,,,,,8.0,674.0,555.0,8.0,592.0,338.0,0
2,6,00:45:26,81806,81830.0,2,0,B,2,放小球,,1.0,2.0,7.0,607.0,403.0,2.0,2.0,469.0,476.0,,,,,8.0,614.0,378.0,8.0,642.0,531.0,0
2,7,00:45:27,81830,81859.0,2,0,A,2,挑球,,1.0,2.0,2.0,469.0,476.0,1.0,3.0,485.0,310.0,,,,,8.0,530.0,520.0,8.0,613.0,359.0,0
2,8,00:45:28,81859,81871.0,2,0,B,2,後場抽平球,,,1.0,3.0,485.0,310.0,1.0,6.0,448.0,515.0,,,,,8.0,562.0,333.0,8.0,587.0,538.0,0
2,9,00:45:29,81871,81892.0,2,0,A,2,擋小球,,1.0,1.0,6.0,448.0,515.0,2.0,7.0,614.0,398.0,,,,,8.0,571.0,554.0,9.0,558.0,323.0,0
2,10,00:45:29,81892,81912.0,2,0,B,2,放小球,,,2.0,7.0,614.0,398.0,2.0,7.0,646.0,466.0,,,,,8.0,655.0,350.0,8.0,604.0,554.0,0
2,11,00:45:30,81912,81941.0,2,0,A,2,放小球,,,2.0,7.0,646.0,466.0,2.0,2.0,777.0,401.0,,,,,8.0,634.0,521.0,8.0,634.0,347.0,0
2,12,00:45:31,81941,81974.0,2,0,B,2,挑球,,1.0,2.0,2.0,777.0,401.0,1.0,4.0,443.0,621.0,,,,,8.0,702.0,380.0,8.0,655.0,541.0,0
2,13,00:45:32,81974,82005.0,2,0,A,2,長球,1.0,,1.0,4.0,443.0,621.0,1.0,3.0,469.0,314.0,,,,,8.0,493.0,606.0,8.0,645.0,349.0,0
2,14,00:45:33,82005,82018.0,2,0,B,2,點扣,,,1.0,3.0,469.0,314.0,2.0,6.0,431.0,556.0,,,,,3.0,509.0,313.0,8.0,554.0,564.0,0
2,15,00:45:33,82018,82044.0,2,0,A,2,擋小球,,1.0,2.0,6.0,431.0,556.0,2.0,8.0,530.0,387.0,,,,,8.0,556.0,550.0,3.0,496.0,314.0,0
2,16,00:45:34,82044,82097.0,2,0,B,3,挑球,,,2.0,8.0,530.0,387.0,2.0,13.0,412.0,665.0,出界,對手出界,A,,8.0,585.0,368.0,8.0,590.0,546.0,0
3,1,00:45:57,82739,82772.0,2,1,A,1,發長球,,1.0,2.0,,,,1.0,9.0,544.0,322.0,,,,,8.0,658.0,516.0,8.0,569.0,352.0,0
3,2,00:45:59,82772,82787.0,2,1,B,3,殺球,,,1.0,9.0,544.0,322.0,2.0,6.0,426.0,581.0,對手落地致勝,落地致勝,B,,8.0,559.0,330.0,8.0,614.0,545.0,0
4,1,00:46:16,83291,83312.0,2,2,B,1,發短球,,1.0,2.0,,,,2.0,7.0,613.0,494.0,,,,,8.0,658.0,363.0,8.0,526.0,537.0,0
4,2,00:46:17,83312,83338.0,2,2,A,2,挑球,,,2.0,7.0,613.0,494.0,1.0,9.0,742.0,315.0,,,,,8.0,533.0,514.0,8.0,654.0,352.0,0
4,3,00:46:17,83338,83352.0,2,2,B,2,殺球,1.0,,1.0,9.0,742.0,315.0,2.0,5.0,870.0,560.0,,,,,9.0,748.0,318.0,8.0,650.0,538.0,0
4,4,00:46:18,83352,83383.0,2,2,A,2,勾球,,,2.0,5.0,870.0,560.0,2.0,5.0,508.0,378.0,,,,,8.0,724.0,562.0,4.0,784.0,313.0,0
4,5,00:46:19,83383,83406.0,2,2,B,2,放小球,,,2.0,5.0,508.0,378.0,2.0,7.0,648.0,452.0,,,,,8.0,615.0,366.0,8.0,658.0,540.0,0
4,6,00:46:20,83406,83430.0,2,2,A,2,放小球,,1.0,2.0,7.0,648.0,452.0,2.0,2.0,791.0,402.0,,,,,7.0,638.0,507.0,8.0,607.0,358.0,0
4,7,00:46:21,83430,83470.0,2,2,B,2,挑球,,1.0,2.0,2.0,791.0,402.0,1.0,4.0,458.0,630.0,,,,,8.0,698.0,380.0,8.0,649.0,531.0,0
4,8,00:46:22,83470,83493.0,2,2,A,2,點扣,1.0,,1.0,4.0,458.0,630.0,2.0,5.0,439.0,351.0,,,,,9.0,479.0,624.0,8.0,629.0,353.0,0
4,9,00:46:23,83493,83521.0,2,2,B,2,擋小球,,,2.0,5.0,439.0,351.0,2.0,2.0,425.0,478.0,,,,,8.0,550.0,350.0,8.0,544.0,586.0,0
4,10,00:46:24,83521,83550.0,2,2,A,2,放小球,,1.0,2.0,2.0,425.0,478.0,2.0,1.0,457.0,409.0,,,,,6.0,492.0,524.0,8.0,585.0,340.0,0
4,11,00:46:25,83550,83575.0,2,2,B,2,放小球,,,2.0,1.0,457.0,409.0,2.0,2.0,433.0,461.0,,,,,8.0,548.0,385.0,8.0,580.0,535.0,0
4,12,00:46:25,83575,83616.0,2,2,A,2,挑球,,1.0,2.0,2.0,433.0,461.0,1.0,3.0,504.0,320.0,,,,,7.0,519.0,478.0,8.0,570.0,364.0,0
4,13,00:46:27,83616,83630.0,2,2,B,3,殺球,,,1.0,3.0,504.0,320.0,2.0,6.0,387.0,590.0,對手落地致勝,落地致勝,B,,9.0,554.0,317.0,8.0,595.0,557.0,0
5,1,00:46:53,84415,84433.0,2,3,B,1,發短球,,1.0,2.0,,,,2.0,7.0,741.0,502.0,,,,,8.0,607.0,356.0,8.0,691.0,548.0,0
5,2,00:46:54,84433,84460.0,2,3,A,2,放小球,,,2.0,7.0,741.0,502.0,2.0,2.0,827.0,395.0,,,,,8.0,673.0,521.0,8.0,647.0,347.0,0
5,3,00:46:55,84460,84514.0,2,3,B,2,挑球,,1.0,2.0,2.0,827.0,395.0,1.0,9.0,806.0,639.0,,,,,6.0,764.0,368.0,8.0,691.0,515.0,0
5,4,00:46:57,84514,84532.0,2,3,A,2,切球,,,1.0,9.0,806.0,639.0,2.0,8.0,614.0,375.0,,,,,9.0,709.0,627.0,8.0,669.0,333.0,0
5,5,00:46:57,84532,84550.0,2,3,B,2,放小球,,,2.0,8.0,614.0,375.0,2.0,1.0,801.0,475.0,,,,,8.0,666.0,354.0,8.0,699.0,582.0,0
5,6,00:46:58,84550,84576.0,2,3,A,2,勾球,,,2.0,1.0,801.0,475.0,2.0,1.0,493.0,406.0,,,,,8.0,735.0,532.0,8.0,662.0,349.0,0
5,7,00:46:59,84576,84620.0,2,3,B,2,挑球,,,2.0,1.0,493.0,406.0,1.0,4.0,472.0,627.0,,,,,8.0,555.0,385.0,8.0,649.0,534.0,0
5,8,00:47:00,84620,84643.0,2,3,A,2,點扣,,,1.0,4.0,472.0,627.0,2.0,5.0,480.0,344.0,,,,,4.0,469.0,628.0,8.0,622.0,348.0,0
5,9,00:47:01,84643,84686.0,2,3,B,2,防守回挑,,,2.0,5.0,480.0,344.0,1.0,4.0,405.0,630.0,,,,,8.0,616.0,355.0,8.0,518.0,595.0,0
5,10,00:47:02,84686,84714.0,2,3,A,2,後場抽平球,,1.0,1.0,4.0,405.0,630.0,1.0,7.0,738.0,395.0,,,,,9.0,513.0,621.0,8.0,602.0,342.0,0
5,11,00:47:03,84714,84721.0,2,3,B,3,撲球,,,1.0,7.0,738.0,395.0,2.0,8.0,750.0,558.0,對手落地致勝,落地致勝,B,,7.0,703.0,394.0,8.0,619.0,598.0,0
6,1,00:47:27,85427,,3,3,B,1,未知球種,,,2.0,,,,,,,,,,,1,,,,,,,0
6,2,00:47:27,85427,,3,3,A,2,未知球種,,,2.0,,,,,,,,,,,1,,,,,,,0
6,3,00:47:27,85427,,3,3,B,2,未知球種,,,2.0,,,,1.0,,,,,,,1,,,,,,,0
6,4,00:47:28,85469,85486.0,3,3,A,2,殺球,,,1.0,,,,2.0,5.0,464.0,344.0,,,,,6.0,452.0,591.0,9.0,561.0,321.0,0
6,5,00:47:29,85486,85511.0,3,3,B,2,防守回挑,,,2.0,5.0,464.0,344.0,1.0,6.0,484.0,563.0,,,,,8.0,555.0,347.0,6.0,468.0,601.0,0
6,6,00:47:30,85511,85519.0,3,3,A,3,殺球,,,1.0,6.0,484.0,563.0,2.0,8.0,618.0,354.0,對手落地致勝,落地致勝,A,,8.0,511.0,583.0,5.0,496.0,333.0,0
7,1,00:47:55,86259,86275.0,4,3,A,1,發短球,,1.0,2.0,,,,2.0,8.0,688.0,387.0,,,,,8.0,629.0,515.0,8.0,718.0,345.0,0
7,2,00:47:55,86275,86287.0,4,3,B,2,放小球,,,2.0,8.0,688.0,387.0,2.0,1.0,799.0,487.0,,,,,8.0,731.0,384.0,8.0,658.0,508.0,0
7,3,00:47:56,86287,86301.0,4,3,A,2,平球,,,2.0,1.0,799.0,487.0,1.0,6.0,780.0,352.0,,,,,8.0,705.0,516.0,8.0,698.0,375.0,0
7,4,00:47:56,86301,86320.0,4,3,B,2,放小球,,,1.0,6.0,780.0,352.0,1.0,1.0,816.0,470.0,,,,,8.0,661.0,362.0,8.0,704.0,524.0,0
7,5,00:47:57,86320,86332.0,4,3,A,2,撲球,,,1.0,1.0,816.0,470.0,2.0,8.0,531.0,348.0,,,,,1.0,806.0,499.0,8.0,667.0,352.0,0
7,6,00:47:57,86332,86350.0,4,3,B,2,防守回抽,,,2.0,8.0,531.0,348.0,1.0,8.0,503.0,535.0,,,,,8.0,611.0,342.0,1.0,789.0,499.0,0
7,7,00:47:58,86350,86365.0,4,3,A,2,殺球,1.0,,1.0,8.0,503.0,535.0,2.0,5.0,466.0,345.0,,,,,8.0,626.0,540.0,8.0,541.0,341.0,0
7,8,00:47:58,86365,86389.0,4,3,B,2,擋小球,,,2.0,5.0,466.0,345.0,2.0,2.0,468.0,497.0,,,,,8.0,534.0,350.0,8.0,591.0,550.0,0
7,9,00:47:59,86389,86416.0,4,3,A,2,放小球,,1.0,2.0,2.0,468.0,497.0,2.0,1.0,451.0,395.0,,,,,8.0,546.0,520.0,8.0,546.0,341.0,0
7,10,00:48:00,86416,86459.0,4,3,B,2,挑球,,,2.0,1.0,451.0,395.0,1.0,4.0,442.0,623.0,,,,,1.0,477.0,390.0,8.0,565.0,525.0,0
7,11,00:48:01,86459,86478.0,4,3,A,2,殺球,,,1.0,4.0,442.0,623.0,2.0,6.0,808.0,360.0,,,,,9.0,502.0,622.0,8.0,568.0,351.0,0
7,12,00:48:02,86478,86504.0,4,3,B,2,擋小球,,1.0,2.0,6.0,808.0,360.0,1.0,1.0,843.0,454.0,,,,,8.0,688.0,348.0,9.0,527.0,625.0,0
7,13,00:48:03,86504,86516.0,4,3,A,3,撲球,,,1.0,1.0,843.0,454.0,2.0,6.0,773.0,328.0,對手落地致勝,落地致勝,A,,1.0,792.0,477.0,6.0,783.0,364.0,0
8,1,00:48:29,87288,87314.0,4,4,A,1,發短球,,1.0,2.0,,,,2.0,8.0,525.0,384.0,,,,,8.0,655.0,516.0,8.0,576.0,368.0,0
8,2,00:48:30,87314,87338.0,4,4,B,2,放小球,,,2.0,8.0,525.0,384.0,2.0,7.0,699.0,489.0,,,,,8.0,601.0,376.0,8.0,643.0,513.0,0
8,3,00:48:31,87338,87374.0,4,4,A,2,挑球,,,2.0,7.0,699.0,489.0,1.0,3.0,487.0,315.0,,,,,8.0,653.0,513.0,8.0,610.0,363.0,0
8,4,00:48:32,87374,87391.0,4,4,B,2,後場抽平球,,,1.0,3.0,487.0,315.0,1.0,6.0,422.0,558.0,,,,,3.0,517.0,310.0,8.0,635.0,532.0,0
8,5,00:48:33,87391,87416.0,4,4,A,2,擋小球,,1.0,1.0,6.0,422.0,558.0,2.0,5.0,457.0,382.0,,,,,8.0,631.0,548.0,3.0,527.0,319.0,0
8,6,00:48:33,87416,87455.0,4,4,B,2,挑球,,,2.0,5.0,457.0,382.0,2.0,3.0,844.0,632.0,,,,,8.0,522.0,379.0,8.0,561.0,531.0,0
8,7,00:48:35,87455,87484.0,4,4,A,2,過度切球,,,2.0,3.0,844.0,632.0,2.0,1.0,487.0,395.0,,,,,9.0,768.0,632.0,8.0,620.0,344.0,0
8,8,00:48:36,87484,87511.0,4,4,B,2,放小球,,,2.0,1.0,487.0,395.0,2.0,2.0,433.0,472.0,,,,,1.0,514.0,394.0,8.0,643.0,561.0,0
8,9,00:48:37,87511,87545.0,4,4,A,2,挑球,,1.0,2.0,2.0,433.0,472.0,1.0,9.0,695.0,319.0,,,,,2.0,476.0,483.0,8.0,552.0,386.0,0
8,10,00:48:38,87545,87557.0,4,4,B,2,殺球,1.0,,1.0,9.0,695.0,319.0,2.0,8.0,594.0,543.0,,,,,9.0,657.0,313.0,8.0,636.0,534.0,0
8,11,00:48:38,87557,87585.0,4,4,A,2,防守回抽,,1.0,2.0,8.0,594.0,543.0,1.0,8.0,650.0,378.0,,,,,8.0,708.0,563.0,9.0,644.0,315.0,0
8,12,00:48:39,87585,87596.0,4,4,B,2,撲球,,,1.0,8.0,650.0,378.0,2.0,8.0,641.0,561.0,,,,,8.0,681.0,376.0,8.0,703.0,570.0,0
8,13,00:48:39,87596,87625.0,4,4,A,2,擋小球,,1.0,2.0,8.0,641.0,561.0,2.0,8.0,669.0,365.0,,,,,8.0,711.0,579.0,8.0,673.0,376.0,0
8,14,00:48:40,87625,87658.0,4,4,B,2,挑球,,1.0,2.0,8.0,669.0,365.0,1.0,4.0,441.0,630.0,,,,,8.0,616.0,380.0,8.0,672.0,560.0,0
8,15,00:48:41,87658,87699.0,4,4,A,2,長球,1.0,,1.0,4.0,441.0,630.0,1.0,3.0,505.0,314.0,,,,,8.0,520.0,591.0,8.0,595.0,348.0,0
8,16,00:48:43,87699,87723.0,4,4,B,2,點扣,,,1.0,3.0,505.0,314.0,2.0,2.0,493.0,501.0,,,,,3.0,521.0,312.0,8.0,608.0,579.0,0
8,17,00:48:44,87723,87752.0,4,4,A,2,放小球,,1.0,2.0,2.0,493.0,501.0,2.0,1.0,485.0,399.0,,,,,8.0,547.0,529.0,9.0,557.0,323.0,0
8,18,00:48:45,87752,87790.0,4,4,B,2,挑球,,,2.0,1.0,485.0,399.0,1.0,4.0,380.0,629.0,,,,,7.0,517.0,393.0,8.0,599.0,526.0,0
8,19,00:48:46,87790,87840.0,4,4,A,3,長球,1.0,,1.0,4.0,380.0,629.0,2.0,13.0,529.0,291.0,出界,對手出界,B,,8.0,484.0,609.0,8.0,551.0,349.0,0
9,1,00:49:30,89129,89145.0,4,5,B,1,發短球,,1.0,2.0,,,,2.0,7.0,702.0,497.0,,,,,8.0,619.0,362.0,8.0,688.0,528.0,0
9,2,00:49:31,89145,89160.0,4,5,A,2,推球,,,2.0,7.0,702.0,497.0,1.0,8.0,722.0,345.0,,,,,7.0,655.0,487.0,8.0,611.0,356.0,0
9,3,00:49:32,89160,89170.0,4,5,B,2,擋小球,,1.0,1.0,8.0,722.0,345.0,2.0,8.0,761.0,527.0,,,,,8.0,630.0,355.0,7.0,667.0,498.0,0
9,4,00:49:32,89170,89205.0,4,5,A,3,勾球,,,2.0,8.0,761.0,527.0,2.0,15.0,312.0,390.0,出界,對手出界,B,,8.0,711.0,535.0,8.0,660.0,350.0,0
10,1,00:50:01,90038,90056.0,5,5,B,1,發短球,,1.0,2.0,,,,2.0,7.0,601.0,494.0,,,,,8.0,649.0,363.0,8.0,534.0,526.0,0
10,2,00:50:01,90056,90080.0,5,5,A,2,放小球,,,2.0,7.0,601.0,494.0,2.0,5.0,508.0,381.0,,,,,7.0,556.0,490.0,8.0,630.0,361.0,0
10,3,00:50:02,90080,90106.0,5,5,B,2,放小球,,,2.0,5.0,508.0,381.0,2.0,2.0,432.0,460.0,,,,,8.0,548.0,383.0,8.0,549.0,520.0,0
10,4,00:50:03,90106,90142.0,5,5,A,2,挑球,,1.0,2.0,2.0,432.0,460.0,1.0,9.0,731.0,315.0,,,,,2.0,469.0,486.0,8.0,550.0,379.0,0
10,5,00:50:04,90142,90157.0,5,5,B,2,殺球,1.0,,1.0,9.0,731.0,315.0,2.0,5.0,828.0,557.0,,,,,9.0,682.0,313.0,8.0,676.0,538.0,0
10,6,00:50:05,90157,90187.0,5,5,A,2,擋小球,,,2.0,5.0,828.0,557.0,2.0,5.0,506.0,372.0,,,,,8.0,755.0,563.0,9.0,702.0,306.0,0
10,7,00:50:06,90187,90214.0,5,5,B,2,放小球,,,2.0,5.0,506.0,372.0,2.0,2.0,465.0,456.0,,,,,8.0,568.0,377.0,8.0,636.0,542.0,0
10,8,00:50:07,90214,90243.0,5,5,A,2,放小球,,1.0,2.0,2.0,465.0,456.0,2.0,1.0,462.0,405.0,,,,,7.0,506.0,486.0,8.0,577.0,368.0,0
10,9,00:50:08,90243,90259.0,5,5,B,3,放小球,,,2.0,1.0,462.0,405.0,2.0,1.0,430.0,426.0,掛網,對手掛網,A,,1.0,498.0,410.0,7.0,558.0,484.0,0
11,1,00:50:32,90974,91006.0,6,5,A,1,發長球,,1.0,2.0,,,,1.0,9.0,744.0,312.0,,,,,8.0,633.0,518.0,8.0,734.0,364.0,0
11,2,00:50:33,91006,91023.0,6,5,B,2,殺球,1.0,,1.0,9.0,744.0,312.0,2.0,5.0,797.0,515.0,,,,,9.0,710.0,315.0,8.0,697.0,544.0,0
11,3,00:50:34,91023,91050.0,6,5,A,2,擋小球,,,2.0,5.0,797.0,515.0,2.0,7.0,523.0,390.0,,,,,8.0,759.0,540.0,9.0,707.0,309.0,0
11,4,00:50:35,91050,91090.0,6,5,B,2,挑球,,,2.0,7.0,523.0,390.0,1.0,3.0,870.0,626.0,,,,,8.0,555.0,379.0,8.0,632.0,533.0,0
11,5,00:50:36,91090,91109.0,6,5,A,2,後場抽平球,,,1.0,3.0,870.0,626.0,2.0,6.0,801.0,366.0,,,,,3.0,834.0,635.0,8.0,610.0,349.0,0
11,6,00:50:36,91109,91132.0,6,5,B,2,擋小球,,1.0,2.0,6.0,801.0,366.0,2.0,1.0,829.0,477.0,,,,,8.0,744.0,363.0,8.0,767.0,579.0,0
11,7,00:50:37,91132,91177.0,6,5,A,3,推球,,,2.0,1.0,829.0,477.0,2.0,13.0,820.0,290.0,出界,對手出界,A,,7.0,775.0,498.0,8.0,675.0,353.0,0
12,1,00:51:03,91914,91938.0,6,6,A,1,發短球,,1.0,2.0,,,,2.0,8.0,534.0,389.0,,,,,8.0,651.0,512.0,8.0,576.0,361.0,0
12,2,00:51:04,91938,91974.0,6,6,B,2,挑球,,,2.0,8.0,534.0,389.0,1.0,4.0,407.0,633.0,,,,,8.0,612.0,382.0,8.0,661.0,521.0,0
12,3,00:51:05,91974,91995.0,6,6,A,2,點扣,1.0,,1.0,4.0,407.0,633.0,2.0,5.0,486.0,346.0,,,,,8.0,541.0,605.0,8.0,587.0,341.0,0
12,4,00:51:06,91995,92022.0,6,6,B,2,勾球,,,2.0,5.0,486.0,346.0,2.0,7.0,771.0,468.0,,,,,5.0,517.0,338.0,8.0,540.0,589.0,0
12,5,00:51:07,92022,92050.0,6,6,A,2,放小球,,,2.0,7.0,771.0,468.0,2.0,2.0,816.0,391.0,,,,,7.0,705.0,500.0,8.0,623.0,358.0,0
12,6,00:51:08,92050,92096.0,6,6,B,2,挑球,,1.0,2.0,2.0,816.0,391.0,1.0,9.0,569.0,636.0,,,,,7.0,761.0,393.0,8.0,698.0,518.0,0
12,7,00:51:09,92096,92112.0,6,6,A,2,殺球,,,1.0,9.0,569.0,636.0,2.0,8.0,615.0,352.0,,,,,8.0,615.0,612.0,8.0,599.0,350.0,0
12,8,00:51:10,92112,92135.0,6,6,B,2,擋小球,,1.0,2.0,8.0,615.0,352.0,2.0,2.0,449.0,496.0,,,,,8.0,586.0,349.0,8.0,628.0,598.0,0
12,9,00:51:11,92135,92163.0,6,6,A,2,放小球,,1.0,2.0,2.0,449.0,496.0,2.0,1.0,439.0,398.0,,,,,8.0,542.0,515.0,8.0,581.0,350.0,0
12,10,00:51:12,92163,92189.0,6,6,B,2,勾球,,,2.0,1.0,439.0,398.0,2.0,1.0,820.0,479.0,,,,,1.0,494.0,391.0,8.0,560.0,524.0,0
12,11,00:51:12,92189,92213.0,6,6,A,2,放小球,,,2.0,1.0,820.0,479.0,2.0,2.0,799.0,404.0,,,,,8.0,663.0,515.0,8.0,609.0,381.0,0
12,12,00:51:13,92213,92246.0,6,6,B,3,推球,,1.0,2.0,2.0,799.0,404.0,2.0,4.0,426.0,640.0,對手落地致勝,落地致勝,B,,7.0,765.0,402.0,7.0,746.0,478.0,0
13,1,00:52:03,93708,,7,6,B,1,未知球種,,,2.0,,,,2.0,,,,,,,1,,,,,,,0
13,2,00:52:04,93745,93778.0,7,6,A,3,放小球,,,2.0,,,,2.0,2.0,855.0,391.0,對手落地致勝,落地致勝,A,,7.0,658.0,500.0,8.0,585.0,347.0,0
14,1,00:52:22,94284,94315.0,8,6,A,1,發長球,,1.0,2.0,,,,1.0,9.0,704.0,323.0,,,,,8.0,631.0,515.0,8.0,735.0,365.0,0
14,2,00:52:23,94315,94327.0,8,6,B,2,殺球,1.0,,1.0,9.0,704.0,323.0,2.0,8.0,736.0,543.0,,,,,9.0,700.0,313.0,8.0,702.0,551.0,0
14,3,00:52:24,94327,94354.0,8,6,A,2,擋小球,,,2.0,8.0,736.0,543.0,2.0,8.0,529.0,389.0,,,,,8.0,737.0,561.0,9.0,642.0,315.0,0
14,4,00:52:25,94354,94386.0,8,6,B,2,挑球,,,2.0,8.0,529.0,389.0,1.0,6.0,451.0,598.0,,,,,8.0,581.0,379.0,8.0,635.0,571.0,0
14,5,00:52:26,94386,94417.0,8,6,A,2,長球,1.0,,1.0,6.0,451.0,598.0,1.0,3.0,478.0,318.0,,,,,8.0,556.0,590.0,8.0,580.0,351.0,0
14,6,00:52:27,94417,94431.0,8,6,B,2,後場抽平球,,,1.0,3.0,478.0,318.0,1.0,6.0,460.0,547.0,,,,,3.0,491.0,318.0,8.0,589.0,557.0,0
14,7,00:52:27,94431,94452.0,8,6,A,2,擋小球,,1.0,1.0,6.0,460.0,547.0,2.0,7.0,636.0,392.0,,,,,8.0,617.0,551.0,3.0,509.0,323.0,0
14,8,00:52:28,94452,94475.0,8,6,B,2,放小球,,,2.0,7.0,636.0,392.0,2.0,7.0,694.0,494.0,,,,,8.0,676.0,373.0,8.0,620.0,547.0,0
14,9,00:52:29,94475,94497.0,8,6,A,2,推球,,,2.0,7.0,694.0,494.0,1.0,5.0,486.0,345.0,,,,,8.0,669.0,530.0,8.0,632.0,355.0,0
14,10,00:52:29,94497,94509.0,8,6,B,2,殺球,,,1.0,5.0,486.0,345.0,2.0,6.0,481.0,568.0,,,,,8.0,580.0,340.0,8.0,653.0,543.0,0
14,11,00:52:30,94509,94535.0,8,6,A,2,擋小球,,1.0,2.0,6.0,481.0,568.0,2.0,8.0,618.0,384.0,,,,,8.0,656.0,563.0,5.0,476.0,338.0,0
14,12,00:52:31,94535,94557.0,8,6,B,2,放小球,,,2.0,8.0,618.0,384.0,2.0,2.0,481.0,492.0,,,,,8.0,647.0,373.0,8.0,674.0,559.0,0
14,13,00:52:31,94557,94594.0,8,6,A,2,挑球,,1.0,2.0,2.0,481.0,492.0,1.0,3.0,485.0,317.0,,,,,8.0,524.0,509.0,8.0,601.0,361.0,0
14,14,00:52:33,94594,94616.0,8,6,B,2,過度切球,,,1.0,3.0,485.0,317.0,2.0,7.0,755.0,467.0,,,,,3.0,504.0,312.0,8.0,627.0,550.0,0
14,15,00:52:33,94616,94644.0,8,6,A,2,勾球,,,2.0,7.0,755.0,467.0,2.0,1.0,465.0,406.0,,,,,8.0,713.0,524.0,9.0,557.0,319.0,0
14,16,00:52:34,94644,94682.0,8,6,B,2,挑球,,,2.0,1.0,465.0,406.0,1.0,4.0,408.0,622.0,,,,,7.0,524.0,396.0,8.0,617.0,532.0,0
14,17,00:52:36,94682,94702.0,8,6,A,3,殺球,1.0,,1.0,4.0,408.0,622.0,2.0,5.0,443.0,352.0,對手落地致勝,落地致勝,A,,8.0,488.0,600.0,8.0,548.0,333.0,0
15,1,00:52:59,95377,95402.0,9,6,A,1,發短球,,1.0,2.0,,,,2.0,8.0,560.0,385.0,,,,,8.0,653.0,511.0,8.0,581.0,359.0,0
15,2,00:53:00,95402,95440.0,9,6,B,2,挑球,,,2.0,8.0,560.0,385.0,1.0,4.0,402.0,621.0,,,,,8.0,589.0,379.0,8.0,648.0,521.0,0
15,3,00:53:01,95440,95459.0,9,6,A,2,後場抽平球,1.0,,1.0,4.0,402.0,621.0,2.0,5.0,467.0,351.0,,,,,8.0,550.0,615.0,8.0,581.0,344.0,0
15,4,00:53:01,95459,95483.0,9,6,B,2,擋小球,,,2.0,5.0,467.0,351.0,2.0,7.0,759.0,481.0,,,,,5.0,502.0,347.0,8.0,544.0,589.0,0
15,5,00:53:02,95483,95519.0,9,6,A,2,推球,,,2.0,7.0,759.0,481.0,1.0,3.0,511.0,314.0,,,,,7.0,725.0,496.0,8.0,590.0,350.0,0
15,6,00:53:03,95519,95546.0,9,6,B,2,過度切球,,,1.0,3.0,511.0,314.0,2.0,2.0,470.0,493.0,,,,,9.0,533.0,319.0,8.0,626.0,538.0,0
15,7,00:53:04,95546,95570.0,9,6,A,2,放小球,,,2.0,2.0,470.0,493.0,2.0,7.0,625.0,408.0,,,,,8.0,540.0,530.0,8.0,574.0,326.0,0
15,8,00:53:05,95570,95596.0,9,6,B,2,放小球,,,2.0,7.0,625.0,408.0,2.0,7.0,632.0,464.0,,,,,8.0,623.0,388.0,8.0,605.0,529.0,0
15,9,00:53:06,95596,95641.0,9,6,A,2,挑球,,,2.0,7.0,632.0,464.0,1.0,9.0,587.0,311.0,,,,,7.0,628.0,465.0,8.0,613.0,386.0,0
15,10,00:53:08,95641,95663.0,9,6,B,2,切球,,,1.0,9.0,587.0,311.0,2.0,6.0,415.0,509.0,,,,,9.0,607.0,310.0,8.0,668.0,553.0,0
15,11,00:53:08,95663,95694.0,9,6,A,2,挑球,,1.0,2.0,6.0,415.0,509.0,1.0,3.0,466.0,319.0,,,,,6.0,464.0,530.0,9.0,601.0,323.0,0
15,12,00:53:09,95694,95712.0,9,6,B,2,後場抽平球,,,1.0,3.0,466.0,319.0,1.0,6.0,438.0,563.0,,,,,3.0,484.0,322.0,8.0,587.0,551.0,0
15,13,00:53:10,95712,95734.0,9,6,A,2,擋小球,,1.0,1.0,6.0,438.0,563.0,2.0,8.0,572.0,389.0,,,,,8.0,618.0,554.0,8.0,531.0,336.0,0
15,14,00:53:11,95734,95755.0,9,6,B,2,放小球,,,2.0,8.0,572.0,389.0,2.0,7.0,774.0,499.0,,,,,8.0,584.0,372.0,8.0,588.0,546.0,0
15,15,00:53:11,95755,95766.0,9,6,A,2,平球,,,2.0,7.0,774.0,499.0,1.0,8.0,669.0,352.0,,,,,8.0,748.0,514.0,8.0,600.0,358.0,0
15,16,00:53:12,95766,95786.0,9,6,B,3,擋小球,,1.0,1.0,8.0,669.0,352.0,2.0,7.0,600.0,436.0,未過網,對手未過網,A,,8.0,604.0,356.0,8.0,740.0,519.0,0
16,1,00:53:35,96468,96493.0,9,7,A,1,發短球,,1.0,2.0,,,,2.0,8.0,697.0,380.0,,,,,8.0,626.0,512.0,8.0,733.0,364.0,0
16,2,00:53:36,96493,96532.0,9,7,B,2,挑球,,1.0,2.0,8.0,697.0,380.0,1.0,3.0,883.0,628.0,,,,,8.0,673.0,373.0,8.0,652.0,521.0,0
16,3,00:53:37,96532,96554.0,9,7,A,2,過度切球,,,1.0,3.0,883.0,628.0,2.0,7.0,617.0,396.0,,,,,3.0,843.0,632.0,8.0,626.0,346.0,0
16,4,00:53:38,96554,96587.0,9,7,B,2,挑球,,,2.0,7.0,617.0,396.0,1.0,6.0,450.0,609.0,,,,,8.0,578.0,375.0,8.0,726.0,571.0,0
16,5,00:53:39,96587,96617.0,9,7,A,2,長球,1.0,,1.0,6.0,450.0,609.0,1.0,4.0,758.0,319.0,,,,,8.0,547.0,592.0,8.0,595.0,349.0,0
16,6,00:53:40,96617,96632.0,9,7,B,2,殺球,1.0,,1.0,4.0,758.0,319.0,2.0,8.0,526.0,558.0,,,,,8.0,682.0,328.0,8.0,654.0,578.0,0
16,7,00:53:41,96632,96667.0,9,7,A,2,擋小球,,1.0,2.0,8.0,526.0,558.0,2.0,1.0,485.0,399.0,,,,,8.0,729.0,585.0,9.0,716.0,321.0,0
16,8,00:53:42,96667,96710.0,9,7,B,2,挑球,,,2.0,1.0,485.0,399.0,1.0,4.0,455.0,624.0,,,,,7.0,542.0,397.0,8.0,551.0,522.0,0
16,9,00:53:43,96710,96731.0,9,7,A,2,切球,1.0,,1.0,4.0,455.0,624.0,2.0,5.0,455.0,357.0,,,,,9.0,494.0,626.0,8.0,570.0,360.0,0
16,10,00:53:44,96731,96756.0,9,7,B,2,放小球,,,2.0,5.0,455.0,357.0,2.0,2.0,447.0,463.0,,,,,5.0,512.0,355.0,8.0,516.0,602.0,0
16,11,00:53:45,96756,96781.0,9,7,A,2,勾球,,1.0,2.0,2.0,447.0,463.0,2.0,2.0,805.0,410.0,,,,,2.0,479.0,499.0,8.0,568.0,358.0,0
16,12,00:53:46,96781,96810.0,9,7,B,2,放小球,,1.0,2.0,2.0,805.0,410.0,2.0,1.0,840.0,464.0,,,,,7.0,756.0,403.0,8.0,587.0,510.0,0
16,13,00:53:47,96810,96851.0,9,7,A,2,挑球,,,2.0,1.0,840.0,464.0,1.0,4.0,788.0,312.0,,,,,7.0,774.0,479.0,8.0,710.0,385.0,0
16,14,00:53:48,96851,96901.0,9,7,B,2,長球,,1.0,1.0,4.0,788.0,312.0,1.0,3.0,872.0,621.0,,,,,8.0,712.0,334.0,8.0,694.0,543.0,0
16,15,00:53:50,96901,96918.0,9,7,A,2,點扣,,,1.0,3.0,872.0,621.0,2.0,6.0,805.0,349.0,,,,,3.0,858.0,630.0,8.0,634.0,339.0,0
16,16,00:53:50,96918,96942.0,9,7,B,2,擋小球,,1.0,2.0,6.0,805.0,349.0,2.0,1.0,810.0,484.0,,,,,8.0,640.0,344.0,8.0,788.0,596.0,0
16,17,00:53:51,96942,96974.0,9,7,A,2,挑球,,,2.0,1.0,810.0,484.0,1.0,3.0,493.0,314.0,,,,,8.0,762.0,517.0,8.0,700.0,354.0,0
16,18,00:53:52,96974,97003.0,9,7,B,2,過度切球,,,1.0,3.0,493.0,314.0,2.0,1.0,835.0,498.0,,,,,5.0,514.0,324.0,8.0,661.0,546.0,0
16,19,00:53:53,97003,97032.0,9,7,A,2,放小球,,,2.0,1.0,835.0,498.0,2.0,2.0,820.0,398.0,,,,,8.0,762.0,520.0,8.0,604.0,343.0,0
16,20,00:53:54,97032,97069.0,9,7,B,2,挑球,,1.0,2.0,2.0,820.0,398.0,1.0,3.0,892.0,636.0,,,,,2.0,770.0,394.0,8.0,715.0,529.0,0
16,21,00:53:55,97069,97103.0,9,7,A,2,後場抽平球,,,1.0,3.0,892.0,636.0,1.0,7.0,545.0,402.0,,,,,3.0,824.0,641.0,8.0,671.0,355.0,0
16,22,00:53:56,97103,97127.0,9,7,B,2,放小球,,,1.0,7.0,545.0,402.0,2.0,1.0,845.0,484.0,,,,,7.0,529.0,392.0,8.0,706.0,582.0,0
16,23,00:53:57,97127,97163.0,9,7,A,2,挑球,,,2.0,1.0,845.0,484.0,1.0,9.0,528.0,316.0,,,,,5.0,824.0,538.0,7.0,556.0,411.0,0
16,24,00:53:58,97163,97180.0,9,7,B,2,點扣,,,1.0,9.0,528.0,316.0,2.0,6.0,414.0,551.0,,,,,9.0,568.0,312.0,8.0,722.0,518.0,0
16,25,00:53:59,97180,97205.0,9,7,A,2,擋小球,,1.0,2.0,6.0,414.0,551.0,1.0,5.0,481.0,386.0,,,,,8.0,588.0,564.0,8.0,594.0,334.0,0
16,26,00:54:00,97205,97225.0,9,7,B,3,撲球,,,1.0,5.0,481.0,386.0,2.0,5.0,867.0,597.0,對手落地致勝,落地致勝,B,,5.0,484.0,381.0,6.0,469.0,582.0,0
17,1,00:54:55,98876,,10,7,B,1,未知球種,,,2.0,,,,2.0,,,,,,,1,,,,,,,0
17,2,00:54:57,98915,98939.0,10,7,A,2,放小球,,,2.0,,,,2.0,7.0,671.0,398.0,,,,,7.0,566.0,488.0,8.0,602.0,351.0,0
17,3,00:54:57,98939,98966.0,10,7,B,3,放小球,,,2.0,7.0,671.0,398.0,2.0,2.0,773.0,402.0,掛網,對手掛網,A,,7.0,679.0,395.0,8.0,576.0,525.0,0
18,1,00:55:17,99527,99574.0,10,8,A,3,發長球,,1.0,2.0,,,,,14.0,420.0,309.0,出界,對手出界,B,,8.0,645.0,512.0,8.0,573.0,365.0,0
19,1,00:55:32,99975,100004.0,11,8,B,1,發長球,,1.0,2.0,,,,1.0,8.0,773.0,611.0,,,,,8.0,620.0,366.0,8.0,688.0,526.0,0
19,2,00:55:33,100004,100024.0,11,8,A,2,點扣,,,1.0,8.0,773.0,611.0,2.0,6.0,794.0,362.0,,,,,8.0,758.0,615.0,8.0,614.0,343.0,0
19,3,00:55:34,100024,100049.0,11,8,B,2,擋小球,,1.0,2.0,6.0,794.0,362.0,2.0,2.0,482.0,494.0,,,,,8.0,754.0,358.0,8.0,754.0,583.0,0
19,4,00:55:34,100049,100069.0,11,8,A,2,挑球,,1.0,2.0,2.0,482.0,494.0,1.0,3.0,478.0,320.0,,,,,7.0,544.0,503.0,8.0,650.0,345.0,0
19,5,00:55:35,100069,100080.0,11,8,B,2,殺球,,,1.0,3.0,478.0,320.0,2.0,6.0,443.0,556.0,,,,,8.0,564.0,332.0,8.0,586.0,524.0,0
19,6,00:55:36,100080,100110.0,11,8,A,2,擋小球,,1.0,2.0,6.0,443.0,556.0,2.0,5.0,444.0,390.0,,,,,8.0,627.0,550.0,3.0,466.0,322.0,0
19,7,00:55:37,100110,100139.0,11,8,B,2,放小球,,,2.0,5.0,444.0,390.0,2.0,2.0,427.0,478.0,,,,,8.0,530.0,386.0,8.0,600.0,543.0,0
19,8,00:55:37,100139,100175.0,11,8,A,2,挑球,,1.0,2.0,2.0,427.0,478.0,1.0,3.0,509.0,313.0,,,,,2.0,476.0,494.0,8.0,569.0,369.0,0
19,9,00:55:39,100175,100193.0,11,8,B,3,殺球,,,1.0,3.0,509.0,313.0,2.0,12.0,334.0,621.0,出界,對手出界,A,,9.0,567.0,316.0,8.0,604.0,543.0,0
20,1,00:57:11,102934,102958.0,11,9,A,1,發短球,,1.0,2.0,,,,2.0,7.0,585.0,499.0,,,,,8.0,648.0,375.0,8.0,536.0,553.0,0
20,2,00:57:11,102958,102997.0,11,9,B,2,挑球,,1.0,2.0,7.0,585.0,499.0,1.0,9.0,715.0,314.0,,,,,8.0,649.0,517.0,8.0,645.0,372.0,0
20,3,00:57:13,102997,103011.0,11,9,A,2,後場抽平球,,,1.0,9.0,715.0,314.0,2.0,7.0,602.0,499.0,,,,,9.0,716.0,309.0,8.0,696.0,542.0,0
20,4,00:57:13,103011,103033.0,11,9,B,2,放小球,,1.0,2.0,7.0,602.0,499.0,2.0,7.0,645.0,396.0,,,,,8.0,683.0,523.0,9.0,694.0,314.0,0
20,5,00:57:14,103033,103046.0,11,9,A,2,平球,,1.0,2.0,7.0,645.0,396.0,1.0,8.0,538.0,529.0,,,,,8.0,636.0,371.0,8.0,689.0,541.0,0
20,6,00:57:14,103046,103056.0,11,9,B,2,平球,,1.0,1.0,8.0,538.0,529.0,1.0,8.0,529.0,353.0,,,,,8.0,674.0,544.0,8.0,619.0,368.0,0
20,7,00:57:15,103056,103080.0,11,9,A,2,擋小球,,,1.0,8.0,529.0,353.0,2.0,1.0,787.0,483.0,,,,,8.0,579.0,360.0,8.0,611.0,524.0,0
20,8,00:57:16,103080,103117.0,11,9,B,2,挑球,,,2.0,1.0,787.0,483.0,1.0,4.0,801.0,318.0,,,,,8.0,760.0,518.0,8.0,610.0,340.0,0
20,9,00:57:17,103117,103132.0,11,9,A,3,過度切球,,1.0,1.0,4.0,801.0,318.0,2.0,7.0,632.0,422.0,掛網,對手掛網,B,,4.0,781.0,315.0,8.0,738.0,551.0,0
21,1,00:57:34,103631,103649.0,12,9,B,1,發短球,,1.0,2.0,,,,2.0,8.0,680.0,384.0,,,,,8.0,624.0,525.0,8.0,732.0,369.0,0
21,2,00:57:34,103649,103671.0,12,9,A,2,放小球,,,2.0,8.0,680.0,384.0,2.0,7.0,668.0,469.0,,,,,8.0,709.0,384.0,8.0,646.0,535.0,0
21,3,00:57:35,103671,103703.0,12,9,B,2,挑球,,1.0,2.0,7.0,668.0,469.0,1.0,9.0,734.0,314.0,,,,,8.0,745.0,512.0,8.0,649.0,363.0,0
21,4,00:57:36,103703,103718.0,12,9,A,2,點扣,1.0,,1.0,9.0,734.0,314.0,2.0,5.0,810.0,554.0,,,,,9.0,673.0,323.0,8.0,715.0,551.0,0
21,5,00:57:37,103718,103742.0,12,9,B,2,擋小球,,,2.0,5.0,810.0,554.0,2.0,8.0,622.0,371.0,,,,,8.0,743.0,560.0,8.0,687.0,325.0,0
21,6,00:57:38,103742,103774.0,12,9,A,2,挑球,,,2.0,8.0,622.0,371.0,1.0,3.0,835.0,624.0,,,,,8.0,661.0,367.0,8.0,700.0,542.0,0
21,7,00:57:39,103774,103816.0,12,9,B,2,長球,,,1.0,3.0,835.0,624.0,1.0,4.0,799.0,315.0,,,,,9.0,798.0,626.0,8.0,646.0,351.0,0
21,8,00:57:40,103816,103828.0,12,9,A,2,殺球,1.0,,1.0,4.0,799.0,315.0,2.0,5.0,807.0,567.0,,,,,4.0,758.0,313.0,8.0,706.0,562.0,0
21,9,00:57:40,103828,103855.0,12,9,B,2,擋小球,,,2.0,5.0,807.0,567.0,2.0,8.0,614.0,363.0,,,,,8.0,748.0,575.0,4.0,766.0,319.0,0
21,10,00:57:41,103855,103885.0,12,9,A,2,放小球,,,2.0,8.0,614.0,363.0,2.0,2.0,469.0,470.0,,,,,8.0,653.0,366.0,8.0,701.0,563.0,0
21,11,00:57:42,103885,103922.0,12,9,B,2,挑球,,1.0,2.0,2.0,469.0,470.0,1.0,9.0,733.0,312.0,,,,,7.0,502.0,495.0,8.0,614.0,362.0,0
21,12,00:57:44,103922,103961.0,12,9,A,2,長球,1.0,,1.0,9.0,733.0,312.0,1.0,6.0,473.0,614.0,,,,,9.0,689.0,313.0,8.0,662.0,547.0,0
21,13,00:57:45,103961,103979.0,12,9,B,3,殺球,1.0,,1.0,6.0,473.0,614.0,2.0,15.0,428.0,333.0,出界,對手出界,A,,9.0,513.0,625.0,8.0,601.0,340.0,0
22,1,00:58:24,105142,105167.0,13,9,A,1,發短球,,1.0,2.0,,,,2.0,7.0,744.0,495.0,,,,,8.0,626.0,377.0,8.0,733.0,556.0,0
22,2,00:58:25,105167,105195.0,13,9,B,2,挑球,,,2.0,7.0,744.0,495.0,1.0,9.0,531.0,311.0,,,,,8.0,677.0,508.0,8.0,629.0,369.0,0
22,3,00:58:26,105195,105210.0,13,9,A,2,點扣,,,1.0,9.0,531.0,311.0,2.0,8.0,641.0,525.0,,,,,9.0,567.0,310.0,8.0,663.0,525.0,0
22,4,00:58:27,105210,105236.0,13,9,B,2,擋小球,,1.0,2.0,8.0,641.0,525.0,2.0,6.0,784.0,384.0,,,,,8.0,683.0,553.0,9.0,540.0,310.0,0
22,5,00:58:27,105236,105255.0,13,9,A,2,推球,,1.0,2.0,6.0,784.0,384.0,1.0,5.0,812.0,552.0,,,,,8.0,753.0,376.0,8.0,697.0,530.0,0
22,6,00:58:28,105255,105267.0,13,9,B,2,平球,,,1.0,5.0,812.0,552.0,1.0,6.0,768.0,341.0,,,,,8.0,744.0,561.0,8.0,670.0,346.0,0
22,7,00:58:28,105267,105288.0,13,9,A,2,擋小球,,1.0,1.0,6.0,768.0,341.0,2.0,7.0,768.0,475.0,,,,,8.0,648.0,345.0,8.0,782.0,571.0,0
22,8,00:58:29,105288,105316.0,13,9,B,2,挑球,,,2.0,7.0,768.0,475.0,1.0,9.0,537.0,314.0,,,,,7.0,758.0,507.0,8.0,663.0,343.0,0
22,9,00:58:30,105316,105331.0,13,9,A,2,殺球,,,1.0,9.0,537.0,314.0,2.0,8.0,650.0,553.0,,,,,9.0,591.0,315.0,8.0,682.0,535.0,0
22,10,00:58:31,105331,105355.0,13,9,B,2,擋小球,,,2.0,8.0,650.0,553.0,1.0,8.0,554.0,387.0,,,,,8.0,673.0,553.0,3.0,512.0,314.0,0
22,11,00:58:31,105355,105373.0,13,9,A,3,撲球,,,1.0,8.0,554.0,387.0,2.0,9.0,793.0,638.0,對手落地致勝,落地致勝,A,,8.0,608.0,366.0,8.0,663.0,574.0,0
23,1,00:59:02,106269,106289.0,14,9,A,1,發短球,,1.0,2.0,,,,2.0,7.0,582.0,496.0,,,,,8.0,645.0,375.0,8.0,538.0,557.0,0
23,2,00:59:02,106289,106318.0,14,9,B,2,挑球,,,2.0,7.0,582.0,496.0,1.0,3.0,507.0,312.0,,,,,7.0,574.0,502.0,8.0,642.0,365.0,0
23,3,00:59:03,106318,106339.0,14,9,A,3,殺球,,,1.0,3.0,507.0,312.0,2.0,6.0,365.0,610.0,對手落地致勝,落地致勝,A,,9.0,555.0,311.0,8.0,635.0,540.0,0
24,1,00:59:27,107039,107061.0,15,9,A,1,發短球,,1.0,2.0,,,,2.0,7.0,714.0,494.0,,,,,8.0,630.0,375.0,8.0,734.0,564.0,0
24,2,00:59:28,107061,107098.0,15,9,B,2,挑球,,,2.0,7.0,714.0,494.0,1.0,4.0,783.0,311.0,,,,,7.0,671.0,505.0,8.0,639.0,369.0,0
24,3,00:59:29,107098,107123.0,15,9,A,2,切球,1.0,,1.0,4.0,783.0,311.0,2.0,2.0,470.0,496.0,,,,,9.0,689.0,312.0,8.0,699.0,552.0,0
24,4,00:59:30,107123,107136.0,15,9,B,3,放小球,,1.0,2.0,2.0,470.0,496.0,2.0,2.0,483.0,445.0,掛網,對手掛網,A,,8.0,504.0,517.0,8.0,664.0,326.0,0
25,1,00:59:48,107665,107691.0,15,10,A,1,發短球,,1.0,2.0,,,,2.0,7.0,561.0,502.0,,,,,8.0,645.0,377.0,8.0,531.0,562.0,0
25,2,00:59:49,107691,107721.0,15,10,B,2,放小球,,1.0,2.0,7.0,561.0,502.0,2.0,1.0,467.0,394.0,,,,,8.0,611.0,524.0,8.0,636.0,365.0,0
25,3,00:59:50,107721,107746.0,15,10,A,2,放小球,,,2.0,1.0,467.0,394.0,2.0,2.0,431.0,465.0,,,,,5.0,499.0,384.0,8.0,611.0,526.0,0
25,4,00:59:51,107746,107792.0,15,10,B,2,挑球,,1.0,2.0,2.0,431.0,465.0,1.0,3.0,491.0,311.0,,,,,2.0,473.0,475.0,8.0,549.0,375.0,0
25,5,00:59:53,107792,107806.0,15,10,A,2,後場抽平球,,,1.0,3.0,491.0,311.0,2.0,6.0,461.0,552.0,,,,,9.0,537.0,305.0,8.0,613.0,537.0,0
25,6,00:59:53,107806,107839.0,15,10,B,2,推球,,1.0,2.0,6.0,461.0,552.0,1.0,3.0,516.0,312.0,,,,,8.0,645.0,557.0,9.0,559.0,322.0,0
25,7,00:59:54,107839,107864.0,15,10,A,2,過度切球,,,1.0,3.0,516.0,312.0,2.0,1.0,786.0,500.0,,,,,9.0,560.0,312.0,8.0,622.0,546.0,0
25,8,00:59:55,107864,107894.0,15,10,B,2,挑球,,,2.0,1.0,786.0,500.0,1.0,4.0,783.0,317.0,,,,,8.0,735.0,524.0,8.0,612.0,334.0,0
25,9,00:59:56,107894,107907.0,15,10,A,2,殺球,1.0,,1.0,4.0,783.0,317.0,2.0,8.0,599.0,542.0,,,,,9.0,715.0,311.0,8.0,723.0,552.0,0
25,10,00:59:56,107907,107935.0,15,10,B,2,防守回抽,,1.0,2.0,8.0,599.0,542.0,2.0,8.0,529.0,359.0,,,,,8.0,755.0,560.0,9.0,721.0,317.0,0
25,11,00:59:57,107935,107980.0,15,10,A,3,推球,,,2.0,8.0,529.0,359.0,2.0,13.0,360.0,664.0,出界,對手出界,B,,8.0,566.0,367.0,8.0,681.0,549.0,0
26,1,01:00:43,109312,109333.0,15,11,B,1,發短球,,1.0,2.0,,,,2.0,7.0,546.0,392.0,,,,,8.0,662.0,531.0,8.0,584.0,355.0,0
26,2,01:00:44,109333,109367.0,15,11,A,3,推球,,,2.0,7.0,546.0,392.0,2.0,12.0,325.0,636.0,出界,對手出界,B,,7.0,631.0,393.0,8.0,680.0,544.0,0
27,1,01:01:00,109825,109844.0,15,12,B,1,發短球,,1.0,2.0,,,,2.0,7.0,684.0,392.0,,,,,8.0,624.0,529.0,8.0,724.0,369.0,0
27,2,01:01:01,109844,109870.0,15,12,A,2,放小球,,,2.0,7.0,684.0,392.0,2.0,7.0,733.0,455.0,,,,,8.0,685.0,387.0,8.0,667.0,535.0,0
27,3,01:01:02,109870,109909.0,15,12,B,2,挑球,,,2.0,7.0,733.0,455.0,1.0,4.0,800.0,313.0,,,,,7.0,717.0,475.0,8.0,668.0,372.0,0
27,4,01:01:03,109909,109921.0,15,12,A,2,殺球,1.0,,1.0,4.0,800.0,313.0,2.0,8.0,605.0,546.0,,,,,9.0,722.0,311.0,8.0,726.0,547.0,0
27,5,01:01:04,109921,109943.0,15,12,B,2,防守回抽,,1.0,2.0,8.0,605.0,546.0,1.0,8.0,622.0,360.0,,,,,8.0,741.0,573.0,9.0,752.0,315.0,0
27,6,01:01:04,109943,109957.0,15,12,A,2,撲球,,,1.0,8.0,622.0,360.0,2.0,8.0,675.0,560.0,,,,,8.0,628.0,364.0,8.0,670.0,560.0,0
27,7,01:01:05,109957,109983.0,15,12,B,2,防守回抽,,1.0,2.0,8.0,675.0,560.0,1.0,8.0,662.0,334.0,,,,,8.0,709.0,575.0,8.0,616.0,372.0,0
27,8,01:01:06,109983,110000.0,15,12,A,2,殺球,,,1.0,8.0,662.0,334.0,2.0,8.0,760.0,534.0,,,,,8.0,662.0,337.0,8.0,716.0,564.0,0
27,9,01:01:06,110000,110031.0,15,12,B,3,擋小球,,,2.0,8.0,760.0,534.0,2.0,7.0,625.0,429.0,對手落地致勝,落地致勝,B,,8.0,727.0,557.0,8.0,633.0,331.0,0
28,1,01:01:31,110734,110761.0,15,13,B,1,發長球,,1.0,2.0,,,,1.0,3.0,519.0,317.0,,,,,8.0,662.0,530.0,8.0,581.0,344.0,0
28,2,01:01:32,110761,110780.0,15,13,A,2,點扣,,,1.0,3.0,519.0,317.0,2.0,2.0,471.0,497.0,,,,,9.0,547.0,318.0,8.0,667.0,551.0,0
28,3,01:01:32,110780,110805.0,15,13,B,2,勾球,,1.0,2.0,2.0,471.0,497.0,2.0,2.0,773.0,397.0,,,,,8.0,527.0,542.0,9.0,546.0,317.0,0
28,4,01:01:33,110805,110830.0,15,13,A,2,放小球,,1.0,2.0,2.0,773.0,397.0,2.0,7.0,667.0,449.0,,,,,8.0,733.0,384.0,8.0,633.0,551.0,0
28,5,01:01:34,110830,110865.0,15,13,B,2,挑球,,,2.0,7.0,667.0,449.0,1.0,3.0,524.0,311.0,,,,,7.0,668.0,477.0,8.0,681.0,369.0,0
28,6,01:01:35,110865,110877.0,15,13,A,3,殺球,,,1.0,3.0,524.0,311.0,2.0,7.0,741.0,425.0,掛網,對手掛網,B,,9.0,563.0,316.0,8.0,656.0,533.0,0
29,1,01:01:59,111596,111633.0,15,14,B,1,發長球,,1.0,2.0,,,,1.0,9.0,742.0,317.0,,,,,8.0,621.0,525.0,8.0,716.0,350.0,0
29,2,01:02:01,111633,111650.0,15,14,A,2,點扣,1.0,,1.0,9.0,742.0,317.0,2.0,5.0,827.0,544.0,,,,,9.0,698.0,319.0,8.0,712.0,565.0,0
29,3,01:02:01,111650,111675.0,15,14,B,2,放小球,,,2.0,5.0,827.0,544.0,2.0,2.0,767.0,392.0,,,,,8.0,785.0,560.0,8.0,702.0,325.0,0
29,4,01:02:02,111675,111701.0,15,14,A,2,推球,,1.0,2.0,2.0,767.0,392.0,1.0,3.0,877.0,622.0,,,,,8.0,674.0,375.0,8.0,674.0,537.0,0
29,5,01:02:03,111701,111719.0,15,14,B,2,後場抽平球,,,1.0,3.0,877.0,622.0,1.0,6.0,796.0,346.0,,,,,8.0,800.0,614.0,8.0,665.0,351.0,0
29,6,01:02:03,111719,111740.0,15,14,A,2,擋小球,,1.0,1.0,6.0,796.0,346.0,2.0,7.0,708.0,479.0,,,,,8.0,661.0,342.0,8.0,784.0,571.0,0
29,7,01:02:04,111740,111779.0,15,14,B,2,挑球,,,2.0,7.0,708.0,479.0,1.0,4.0,759.0,311.0,,,,,8.0,683.0,518.0,8.0,669.0,348.0,0
29,8,01:02:05,111779,111791.0,15,14,A,2,殺球,1.0,,1.0,4.0,759.0,311.0,2.0,8.0,654.0,561.0,,,,,13.0,729.0,303.0,8.0,738.0,561.0,0
29,9,01:02:06,111791,111814.0,15,14,B,2,擋小球,,1.0,2.0,8.0,654.0,561.0,1.0,8.0,717.0,383.0,,,,,8.0,744.0,578.0,4.0,755.0,320.0,0
29,10,01:02:07,111814,111825.0,15,14,A,2,撲球,,,1.0,8.0,717.0,383.0,2.0,8.0,682.0,558.0,,,,,8.0,688.0,378.0,8.0,745.0,578.0,0
29,11,01:02:07,111825,111855.0,15,14,B,2,防守回挑,,1.0,2.0,8.0,682.0,558.0,1.0,9.0,726.0,322.0,,,,,8.0,749.0,576.0,8.0,681.0,371.0,0
29,12,01:02:08,111855,111867.0,15,14,A,2,殺球,1.0,,1.0,9.0,726.0,322.0,2.0,8.0,686.0,558.0,,,,,9.0,686.0,319.0,8.0,741.0,566.0,0
29,13,01:02:08,111867,111898.0,15,14,B,2,擋小球,,1.0,2.0,8.0,686.0,558.0,2.0,2.0,806.0,403.0,,,,,8.0,740.0,569.0,9.0,676.0,320.0,0
29,14,01:02:09,111898,111926.0,15,14,A,2,放小球,,1.0,2.0,2.0,806.0,403.0,2.0,1.0,834.0,461.0,,,,,2.0,770.0,392.0,8.0,713.0,557.0,0
29,15,01:02:10,111926,111970.0,15,14,B,2,挑球,,,2.0,1.0,834.0,461.0,1.0,4.0,779.0,316.0,,,,,1.0,807.0,474.0,8.0,737.0,379.0,0
29,16,01:02:12,111970,112011.0,15,14,A,2,長球,1.0,,1.0,4.0,779.0,316.0,1.0,3.0,839.0,623.0,,,,,8.0,749.0,326.0,8.0,729.0,542.0,0
29,17,01:02:13,112011,112025.0,15,14,B,3,殺球,,,1.0,3.0,839.0,623.0,2.0,6.0,765.0,363.0,對手落地致勝,落地致勝,B,,3.0,830.0,625.0,8.0,636.0,344.0,0
30,1,01:02:45,112963,112993.0,16,14,B,1,發長球,,1.0,2.0,,,,1.0,3.0,512.0,316.0,,,,,8.0,667.0,530.0,8.0,580.0,345.0,0
30,2,01:02:46,112993,113013.0,16,14,A,2,點扣,,,1.0,3.0,512.0,316.0,2.0,7.0,765.0,504.0,,,,,3.0,526.0,312.0,8.0,670.0,562.0,0
30,3,01:02:47,113013,113040.0,16,14,B,2,擋小球,,,2.0,7.0,765.0,504.0,2.0,7.0,554.0,392.0,,,,,8.0,718.0,546.0,9.0,560.0,317.0,0
30,4,01:02:48,113040,113072.0,16,14,A,2,挑球,,,2.0,7.0,554.0,392.0,1.0,3.0,876.0,625.0,,,,,8.0,599.0,370.0,8.0,680.0,529.0,0
30,5,01:02:49,113072,113089.0,16,14,B,2,點扣,,,1.0,3.0,876.0,625.0,2.0,6.0,802.0,344.0,,,,,5.0,855.0,615.0,8.0,632.0,342.0,0
30,6,01:02:49,113089,113112.0,16,14,A,2,擋小球,,1.0,2.0,6.0,802.0,344.0,2.0,1.0,786.0,473.0,,,,,8.0,647.0,348.0,5.0,814.0,581.0,0
30,7,01:02:50,113112,113142.0,16,14,B,2,挑球,,,2.0,1.0,786.0,473.0,1.0,9.0,531.0,318.0,,,,,8.0,726.0,515.0,8.0,662.0,343.0,0
30,8,01:02:51,113142,113163.0,16,14,A,3,殺球,,,1.0,9.0,531.0,318.0,2.0,6.0,371.0,595.0,對手落地致勝,落地致勝,A,,9.0,580.0,316.0,8.0,680.0,547.0,0
31,1,01:03:16,113881,113904.0,16,15,A,1,發短球,,1.0,2.0,,,,2.0,7.0,747.0,497.0,,,,,8.0,622.0,380.0,8.0,708.0,532.0,0
31,2,01:03:16,113904,113941.0,16,15,B,2,挑球,,,2.0,7.0,747.0,497.0,1.0,4.0,765.0,311.0,,,,,7.0,673.0,507.0,8.0,624.0,368.0,0
31,3,01:03:18,113941,113977.0,16,15,A,2,長球,1.0,,1.0,4.0,765.0,311.0,1.0,4.0,417.0,630.0,,,,,9.0,686.0,312.0,8.0,697.0,551.0,0
31,4,01:03:19,113977,113994.0,16,15,B,2,殺球,1.0,,1.0,4.0,417.0,630.0,2.0,5.0,452.0,341.0,,,,,9.0,524.0,629.0,8.0,613.0,336.0,0
31,5,01:03:19,113994,114024.0,16,15,A,2,擋小球,,,2.0,5.0,452.0,341.0,2.0,2.0,429.0,489.0,,,,,8.0,566.0,340.0,9.0,493.0,628.0,0
31,6,01:03:20,114024,114061.0,16,15,B,2,挑球,,1.0,2.0,2.0,429.0,489.0,1.0,3.0,451.0,313.0,,,,,6.0,469.0,511.0,8.0,528.0,353.0,0
31,7,01:03:22,114061,114075.0,16,15,A,2,後場抽平球,,,1.0,3.0,451.0,313.0,1.0,6.0,472.0,524.0,,,,,3.0,493.0,314.0,8.0,546.0,527.0,0
31,8,01:03:22,114075,114099.0,16,15,B,2,擋小球,,1.0,1.0,6.0,472.0,524.0,2.0,2.0,783.0,397.0,,,,,8.0,591.0,546.0,5.0,523.0,326.0,0
31,9,01:03:23,114099,114134.0,16,15,A,2,挑球,,1.0,2.0,2.0,783.0,397.0,1.0,6.0,429.0,613.0,,,,,8.0,728.0,382.0,8.0,637.0,553.0,0
31,10,01:03:24,114134,114151.0,16,15,B,2,殺球,1.0,,1.0,6.0,429.0,613.0,2.0,5.0,453.0,334.0,,,,,8.0,537.0,596.0,8.0,591.0,347.0,0
31,11,01:03:25,114151,114176.0,16,15,A,2,擋小球,,,2.0,5.0,453.0,334.0,2.0,2.0,435.0,468.0,,,,,8.0,553.0,340.0,8.0,481.0,611.0,0
31,12,01:03:25,114176,114201.0,16,15,B,2,放小球,,1.0,2.0,2.0,435.0,468.0,2.0,1.0,472.0,406.0,,,,,2.0,471.0,478.0,5.0,510.0,343.0,0
31,13,01:03:26,114201,114250.0,16,15,A,3,挑球,,,2.0,1.0,472.0,406.0,2.0,4.0,416.0,657.0,出界,對手出界,B,,5.0,516.0,385.0,7.0,520.0,497.0,0
32,1,01:04:09,115492,115526.0,16,16,B,1,發短球,,1.0,2.0,,,,2.0,7.0,669.0,393.0,,,,,8.0,619.0,528.0,8.0,716.0,351.0,0
32,2,01:04:10,115526,115548.0,16,16,A,2,放小球,,1.0,2.0,7.0,669.0,393.0,2.0,2.0,442.0,483.0,,,,,8.0,634.0,388.0,8.0,641.0,524.0,0
32,3,01:04:11,115548,115591.0,16,16,B,2,挑球,,1.0,2.0,2.0,442.0,483.0,1.0,4.0,802.0,309.0,,,,,7.0,507.0,489.0,8.0,603.0,367.0,0
32,4,01:04:13,115591,115615.0,16,16,A,2,切球,1.0,,1.0,4.0,802.0,309.0,2.0,1.0,852.0,492.0,,,,,9.0,711.0,308.0,8.0,683.0,551.0,0
32,5,01:04:13,115615,115666.0,16,16,B,3,挑球,,,2.0,1.0,852.0,492.0,2.0,4.0,825.0,311.0,對手落地致勝,落地致勝,B,,5.0,839.0,527.0,8.0,719.0,328.0,0
33,1,01:04:36,116302,116331.0,16,17,B,1,發長球,,1.0,2.0,,,,1.0,9.0,556.0,316.0,,,,,8.0,664.0,523.0,8.0,571.0,345.0,0
33,2,01:04:37,116331,116346.0,16,17,A,2,殺球,,,1.0,9.0,556.0,316.0,2.0,8.0,779.0,562.0,,,,,9.0,546.0,308.0,8.0,677.0,557.0,0
33,3,01:04:38,116346,116376.0,16,17,B,2,擋小球,,,2.0,8.0,779.0,562.0,2.0,2.0,802.0,392.0,,,,,8.0,711.0,572.0,9.0,538.0,314.0,0
33,4,01:04:39,116376,116409.0,16,17,A,2,挑球,,,2.0,2.0,802.0,392.0,1.0,5.0,867.0,609.0,,,,,8.0,748.0,375.0,8.0,697.0,569.0,0
33,5,01:04:40,116409,116424.0,16,17,B,2,殺球,,,1.0,5.0,867.0,609.0,2.0,5.0,519.0,347.0,,,,,3.0,841.0,625.0,8.0,634.0,345.0,0
33,6,01:04:40,116424,116457.0,16,17,A,2,擋小球,,,2.0,5.0,519.0,347.0,2.0,7.0,533.0,500.0,,,,,8.0,611.0,346.0,14.0,961.0,652.0,0
33,7,01:04:41,116457,116502.0,16,17,B,2,挑球,,1.0,2.0,7.0,533.0,500.0,1.0,9.0,744.0,316.0,,,,,8.0,567.0,515.0,8.0,561.0,358.0,0
33,8,01:04:43,116502,116516.0,16,17,A,2,點扣,1.0,,1.0,9.0,744.0,316.0,2.0,8.0,713.0,536.0,,,,,9.0,708.0,309.0,8.0,703.0,562.0,0
33,9,01:04:43,116516,116541.0,16,17,B,2,放小球,,,2.0,8.0,713.0,536.0,2.0,5.0,504.0,369.0,,,,,8.0,683.0,559.0,8.0,718.0,325.0,0
33,10,01:04:44,116541,116558.0,16,17,A,2,挑球,,,2.0,5.0,504.0,369.0,1.0,6.0,455.0,540.0,,,,,8.0,549.0,363.0,8.0,607.0,537.0,0
33,11,01:04:45,116558,116570.0,16,17,B,2,平球,,1.0,1.0,6.0,455.0,540.0,1.0,8.0,600.0,348.0,,,,,8.0,558.0,537.0,8.0,558.0,360.0,0
33,12,01:04:45,116570,116592.0,16,17,A,2,平球,,1.0,1.0,8.0,600.0,348.0,2.0,7.0,576.0,467.0,,,,,8.0,549.0,342.0,6.0,490.0,541.0,0
33,13,01:04:46,116592,116623.0,16,17,B,2,挑球,,1.0,2.0,7.0,576.0,467.0,1.0,4.0,760.0,317.0,,,,,8.0,629.0,511.0,8.0,586.0,347.0,0
33,14,01:04:47,116623,116664.0,16,17,A,2,長球,1.0,,1.0,4.0,760.0,317.0,1.0,4.0,422.0,626.0,,,,,9.0,710.0,320.0,8.0,677.0,554.0,0
33,15,01:04:48,116664,116685.0,16,17,B,2,切球,1.0,,1.0,4.0,422.0,626.0,2.0,7.0,682.0,393.0,,,,,8.0,529.0,608.0,8.0,607.0,339.0,0
33,16,01:04:49,116685,116713.0,16,17,A,2,挑球,,1.0,2.0,7.0,682.0,393.0,1.0,8.0,504.0,573.0,,,,,8.0,652.0,376.0,8.0,545.0,601.0,0
33,17,01:04:50,116713,116729.0,16,17,B,2,殺球,,,1.0,8.0,504.0,573.0,2.0,8.0,586.0,340.0,,,,,8.0,524.0,581.0,8.0,597.0,352.0,0
33,18,01:04:50,116729,116753.0,16,17,A,2,擋小球,,,2.0,8.0,586.0,340.0,2.0,1.0,792.0,484.0,,,,,8.0,572.0,346.0,8.0,587.0,571.0,0
33,19,01:04:51,116753,116787.0,16,17,B,2,推球,,,2.0,1.0,792.0,484.0,1.0,4.0,803.0,318.0,,,,,8.0,750.0,508.0,8.0,622.0,351.0,0
33,20,01:04:52,116787,116814.0,16,17,A,2,切球,1.0,,1.0,4.0,803.0,318.0,2.0,7.0,500.0,490.0,,,,,4.0,760.0,319.0,8.0,720.0,559.0,0
33,21,01:04:53,116814,116856.0,16,17,B,2,挑球,,1.0,2.0,7.0,500.0,490.0,1.0,9.0,725.0,312.0,,,,,8.0,534.0,517.0,9.0,737.0,323.0,0
33,22,01:04:55,116856,116871.0,16,17,A,2,點扣,1.0,,1.0,9.0,725.0,312.0,2.0,8.0,623.0,522.0,,,,,9.0,699.0,315.0,8.0,705.0,568.0,0
33,23,01:04:55,116871,116899.0,16,17,B,2,擋小球,,1.0,2.0,8.0,623.0,522.0,2.0,2.0,792.0,397.0,,,,,8.0,703.0,558.0,8.0,686.0,325.0,0
33,24,01:04:56,116899,116926.0,16,17,A,2,放小球,,1.0,2.0,2.0,792.0,397.0,2.0,7.0,706.0,459.0,,,,,8.0,747.0,382.0,8.0,678.0,550.0,0
33,25,01:04:57,116926,116971.0,16,17,B,2,挑球,,,2.0,7.0,706.0,459.0,1.0,4.0,770.0,313.0,,,,,7.0,693.0,469.0,8.0,691.0,365.0,0
33,26,01:04:59,116971,117018.0,16,17,A,2,長球,1.0,,1.0,4.0,770.0,313.0,1.0,3.0,835.0,638.0,,,,,9.0,733.0,308.0,8.0,694.0,532.0,0
33,27,01:05:00,117018,117032.0,16,17,B,2,點扣,,,1.0,3.0,835.0,638.0,2.0,8.0,719.0,354.0,,,,,3.0,824.0,642.0,8.0,632.0,340.0,0
33,28,01:05:01,117032,117056.0,16,17,A,2,放小球,,1.0,2.0,8.0,719.0,354.0,2.0,7.0,690.0,480.0,,,,,8.0,608.0,355.0,3.0,825.0,623.0,0
33,29,01:05:01,117056,117084.0,16,17,B,2,放小球,,,2.0,7.0,690.0,480.0,2.0,5.0,455.0,380.0,,,,,8.0,622.0,523.0,8.0,636.0,345.0,0
33,30,01:05:02,117084,117117.0,16,17,A,2,挑球,,,2.0,5.0,455.0,380.0,1.0,6.0,436.0,603.0,,,,,5.0,491.0,381.0,8.0,631.0,528.0,0
33,31,01:05:03,117117,117129.0,16,17,B,2,殺球,1.0,,1.0,6.0,436.0,603.0,2.0,5.0,482.0,345.0,,,,,8.0,534.0,589.0,8.0,554.0,342.0,0
33,32,01:05:04,117129,117159.0,16,17,A,2,擋小球,,,2.0,5.0,482.0,345.0,2.0,7.0,779.0,479.0,,,,,8.0,559.0,343.0,8.0,531.0,600.0,0
33,33,01:05:05,117159,117198.0,16,17,B,2,挑球,,,2.0,7.0,779.0,479.0,1.0,4.0,794.0,317.0,,,,,8.0,700.0,512.0,8.0,592.0,337.0,0
33,34,01:05:06,117198,117243.0,16,17,A,2,長球,1.0,,1.0,4.0,794.0,317.0,1.0,3.0,866.0,630.0,,,,,9.0,719.0,309.0,8.0,734.0,550.0,0
33,35,01:05:08,117243,117257.0,16,17,B,2,殺球,,,1.0,3.0,866.0,630.0,2.0,8.0,745.0,350.0,,,,,3.0,829.0,644.0,8.0,657.0,347.0,0
33,36,01:05:08,117257,117266.0,16,17,A,3,擋小球,,1.0,2.0,8.0,745.0,350.0,2.0,6.0,785.0,345.0,未過網,對手未過網,B,,8.0,634.0,353.0,3.0,876.0,648.0,0
34,1,01:06:04,118927,118946.0,17,17,B,1,發短球,,1.0,2.0,,,,1.0,7.0,655.0,399.0,,,,,8.0,620.0,529.0,8.0,717.0,350.0,0
34,2,01:06:04,118946,118955.0,17,17,A,2,撲球,,,1.0,7.0,655.0,399.0,2.0,8.0,636.0,560.0,,,,,7.0,684.0,404.0,8.0,663.0,544.0,0
34,3,01:06:05,118955,118969.0,17,17,B,2,防守回挑,,1.0,2.0,8.0,636.0,560.0,1.0,8.0,664.0,382.0,,,,,8.0,696.0,587.0,7.0,680.0,406.0,0
34,4,01:06:05,118969,118991.0,17,17,A,2,擋小球,,,1.0,8.0,664.0,382.0,2.0,7.0,549.0,492.0,,,,,8.0,665.0,378.0,8.0,738.0,600.0,0
34,5,01:06:06,118991,119004.0,17,17,B,3,擋小球,,1.0,2.0,7.0,549.0,492.0,2.0,7.0,643.0,448.0,掛網,對手掛網,A,,8.0,572.0,520.0,8.0,654.0,343.0,0
35,1,01:06:28,119664,119696.0,18,17,A,1,發長球,,1.0,2.0,,,,1.0,8.0,498.0,601.0,,,,,8.0,648.0,376.0,8.0,531.0,563.0,0
35,2,01:06:29,119696,119710.0,18,17,B,2,殺球,1.0,,1.0,8.0,498.0,601.0,2.0,8.0,545.0,357.0,,,,,8.0,555.0,618.0,8.0,580.0,356.0,0
35,3,01:06:30,119710,119735.0,18,17,A,2,擋小球,,,2.0,8.0,545.0,357.0,2.0,1.0,803.0,489.0,,,,,8.0,570.0,349.0,8.0,639.0,606.0,0
35,4,01:06:31,119735,119761.0,18,17,B,2,放小球,,,2.0,1.0,803.0,489.0,2.0,8.0,537.0,386.0,,,,,8.0,748.0,523.0,8.0,615.0,345.0,0
35,5,01:06:32,119761,119787.0,18,17,A,2,放小球,,,2.0,8.0,537.0,386.0,2.0,2.0,456.0,466.0,,,,,8.0,585.0,377.0,8.0,678.0,526.0,0
35,6,01:06:32,119787,119824.0,18,17,B,2,挑球,,1.0,2.0,2.0,456.0,466.0,1.0,4.0,775.0,312.0,,,,,7.0,508.0,486.0,8.0,592.0,366.0,0
35,7,01:06:34,119824,119837.0,18,17,A,2,殺球,1.0,,1.0,4.0,775.0,312.0,2.0,5.0,858.0,572.0,,,,,9.0,708.0,312.0,8.0,690.0,553.0,0
35,8,01:06:34,119837,119860.0,18,17,B,2,擋小球,,,2.0,5.0,858.0,572.0,1.0,2.0,779.0,402.0,,,,,8.0,753.0,570.0,9.0,748.0,314.0,0
35,9,01:06:35,119860,119886.0,18,17,A,2,勾球,,1.0,1.0,2.0,779.0,402.0,2.0,2.0,448.0,477.0,,,,,6.0,765.0,380.0,5.0,815.0,575.0,0
35,10,01:06:36,119886,119930.0,18,17,B,2,挑球,,1.0,2.0,2.0,448.0,477.0,1.0,9.0,723.0,315.0,,,,,2.0,485.0,508.0,8.0,674.0,352.0,0
35,11,01:06:37,119930,119944.0,18,17,A,2,殺球,1.0,,1.0,9.0,723.0,315.0,2.0,6.0,452.0,566.0,,,,,9.0,689.0,309.0,8.0,673.0,558.0,0
35,12,01:06:38,119944,119978.0,18,17,B,2,擋小球,,1.0,2.0,6.0,452.0,566.0,2.0,5.0,485.0,368.0,,,,,8.0,550.0,575.0,9.0,708.0,314.0,0
35,13,01:06:39,119978,120003.0,18,17,A,2,挑球,,,2.0,5.0,485.0,368.0,1.0,6.0,402.0,589.0,,,,,8.0,547.0,377.0,8.0,593.0,544.0,0
35,14,01:06:40,120003,120018.0,18,17,B,2,殺球,1.0,,1.0,6.0,402.0,589.0,2.0,8.0,633.0,344.0,,,,,8.0,523.0,591.0,8.0,575.0,350.0,0
35,15,01:06:40,120018,120040.0,18,17,A,2,擋小球,,1.0,2.0,8.0,633.0,344.0,2.0,7.0,681.0,474.0,,,,,8.0,558.0,338.0,8.0,497.0,603.0,0
35,16,01:06:41,120040,120075.0,18,17,B,2,挑球,,,2.0,7.0,681.0,474.0,1.0,3.0,512.0,312.0,,,,,8.0,655.0,516.0,8.0,596.0,339.0,0
35,17,01:06:42,120075,120094.0,18,17,A,2,過度切球,,,1.0,3.0,512.0,312.0,2.0,2.0,468.0,503.0,,,,,9.0,534.0,308.0,8.0,648.0,553.0,0
35,18,01:06:43,120094,120124.0,18,17,B,2,放小球,,1.0,2.0,2.0,468.0,503.0,2.0,5.0,462.0,376.0,,,,,8.0,541.0,532.0,9.0,562.0,320.0,0
35,19,01:06:44,120124,120155.0,18,17,A,2,挑球,,,2.0,5.0,462.0,376.0,1.0,6.0,387.0,602.0,,,,,5.0,510.0,372.0,8.0,596.0,538.0,0
35,20,01:06:45,120155,120169.0,18,17,B,2,殺球,1.0,,1.0,6.0,387.0,602.0,2.0,5.0,477.0,346.0,,,,,8.0,496.0,602.0,8.0,567.0,348.0,0
35,21,01:06:45,120169,120198.0,18,17,A,2,擋小球,,,2.0,5.0,477.0,346.0,2.0,1.0,795.0,491.0,,,,,8.0,539.0,345.0,6.0,462.0,612.0,0
35,22,01:06:46,120198,120237.0,18,17,B,2,挑球,,,2.0,1.0,795.0,491.0,1.0,4.0,781.0,313.0,,,,,8.0,730.0,512.0,8.0,619.0,346.0,0
35,23,01:06:47,120237,120270.0,18,17,A,2,長球,1.0,,1.0,4.0,781.0,313.0,1.0,5.0,853.0,611.0,,,,,13.0,727.0,302.0,8.0,721.0,553.0,0
35,24,01:06:49,120270,120285.0,18,17,B,2,殺球,,,1.0,5.0,853.0,611.0,2.0,6.0,796.0,336.0,,,,,5.0,813.0,607.0,8.0,683.0,336.0,0
35,25,01:06:49,120285,120322.0,18,17,A,3,擋小球,,1.0,2.0,6.0,796.0,336.0,2.0,2.0,413.0,502.0,對手落地致勝,落地致勝,A,,8.0,644.0,343.0,5.0,917.0,611.0,0
36,1,01:07:17,121116,121138.0,19,17,A,1,發短球,,1.0,2.0,,,,2.0,7.0,710.0,500.0,,,,,8.0,629.0,382.0,8.0,730.0,562.0,0
36,2,01:07:17,121138,121175.0,19,17,B,2,挑球,,,2.0,7.0,710.0,500.0,1.0,3.0,518.0,312.0,,,,,8.0,696.0,524.0,8.0,622.0,374.0,0
36,3,01:07:19,121175,121194.0,19,17,A,2,殺球,,,1.0,3.0,518.0,312.0,2.0,6.0,416.0,555.0,,,,,9.0,558.0,315.0,8.0,678.0,552.0,0
36,4,01:07:19,121194,121219.0,19,17,B,2,擋小球,,1.0,2.0,6.0,416.0,555.0,2.0,1.0,478.0,405.0,,,,,6.0,484.0,550.0,9.0,570.0,317.0,0
36,5,01:07:20,121219,121243.0,19,17,A,2,放小球,,,2.0,1.0,478.0,405.0,2.0,7.0,536.0,461.0,,,,,7.0,516.0,401.0,8.0,527.0,551.0,0
36,6,01:07:21,121243,121275.0,19,17,B,2,挑球,,1.0,2.0,7.0,536.0,461.0,1.0,9.0,715.0,315.0,,,,,7.0,574.0,505.0,8.0,564.0,377.0,0
36,7,01:07:22,121275,121286.0,19,17,A,2,殺球,1.0,,1.0,9.0,715.0,315.0,2.0,8.0,672.0,556.0,,,,,8.0,675.0,326.0,8.0,669.0,553.0,0
36,8,01:07:22,121286,121320.0,19,17,B,3,擋小球,,1.0,2.0,8.0,672.0,556.0,2.0,11.0,862.0,368.0,出界,對手出界,A,,8.0,718.0,570.0,9.0,681.0,310.0,0
37,1,01:07:51,122137,,20,17,A,1,未知球種,,,2.0,,,,2.0,,,,,,,1,,,,,,,0
37,2,01:07:52,122174,122206.0,20,17,B,2,挑球,,1.0,2.0,,,,1.0,4.0,803.0,311.0,,,,,8.0,567.0,521.0,8.0,629.0,370.0,0
37,3,01:07:53,122206,122222.0,20,17,A,2,點扣,1.0,,1.0,4.0,803.0,311.0,2.0,5.0,820.0,553.0,,,,,9.0,690.0,323.0,8.0,709.0,560.0,0
37,4,01:07:54,122222,122248.0,20,17,B,2,防守回抽,,,2.0,5.0,820.0,553.0,2.0,5.0,494.0,381.0,,,,,8.0,770.0,575.0,8.0,694.0,337.0,0
37,5,01:07:54,122248,122267.0,20,17,A,2,平球,,,2.0,5.0,494.0,381.0,1.0,6.0,432.0,549.0,,,,,8.0,547.0,389.0,8.0,715.0,565.0,0
37,6,01:07:55,122267,122301.0,20,17,B,2,防守回挑,,1.0,1.0,6.0,432.0,549.0,1.0,3.0,485.0,314.0,,,,,8.0,597.0,546.0,8.0,550.0,370.0,0
37,7,01:07:56,122301,122319.0,20,17,A,2,殺球,,,1.0,3.0,485.0,314.0,2.0,6.0,431.0,532.0,,,,,3.0,518.0,310.0,8.0,624.0,568.0,0
37,8,01:07:57,122319,122345.0,20,17,B,2,防守回挑,,1.0,2.0,6.0,431.0,532.0,1.0,5.0,489.0,324.0,,,,,6.0,473.0,549.0,9.0,558.0,317.0,0
37,9,01:07:58,122345,122358.0,20,17,A,2,殺球,,,1.0,5.0,489.0,324.0,2.0,8.0,673.0,543.0,,,,,3.0,519.0,322.0,8.0,587.0,560.0,0
37,10,01:07:58,122358,122386.0,20,17,B,3,擋小球,,,2.0,8.0,673.0,543.0,2.0,2.0,423.0,454.0,未過網,對手未過網,A,,8.0,639.0,567.0,5.0,467.0,332.0,0
38,1,01:08:51,123958,123984.0,21,17,A,1,發短球,,1.0,2.0,,,,2.0,7.0,704.0,503.0,,,,,8.0,630.0,378.0,8.0,733.0,564.0,0
38,2,01:08:52,123984,124024.0,21,17,B,2,挑球,,,2.0,7.0,704.0,503.0,1.0,9.0,551.0,313.0,,,,,8.0,674.0,517.0,8.0,622.0,358.0,0
38,3,01:08:54,124024,124038.0,21,17,A,2,點扣,,,1.0,9.0,551.0,313.0,2.0,8.0,589.0,531.0,,,,,9.0,569.0,316.0,8.0,670.0,552.0,0
38,4,01:08:54,124038,124061.0,21,17,B,2,擋小球,,1.0,2.0,8.0,589.0,531.0,2.0,7.0,729.0,393.0,,,,,8.0,685.0,550.0,9.0,582.0,311.0,0
38,5,01:08:55,124061,124074.0,21,17,A,2,平球,,1.0,2.0,7.0,729.0,393.0,1.0,8.0,491.0,548.0,,,,,8.0,717.0,384.0,8.0,686.0,544.0,0
38,6,01:08:55,124074,124088.0,21,17,B,2,平球,,1.0,1.0,8.0,491.0,548.0,1.0,8.0,554.0,351.0,,,,,8.0,673.0,536.0,8.0,675.0,372.0,0
38,7,01:08:56,124088,124102.0,21,17,A,2,平球,,,1.0,8.0,554.0,351.0,1.0,8.0,501.0,544.0,,,,,8.0,584.0,353.0,8.0,585.0,525.0,0
38,8,01:08:56,124102,124130.0,21,17,B,3,平球,,1.0,1.0,8.0,501.0,544.0,2.0,15.0,414.0,359.0,出界,對手出界,A,,8.0,631.0,547.0,8.0,586.0,336.0,0
